#Date        Time         gpu    pwr  gtemp  mtemp     sm    mem    enc    dec    jpg    ofa   mclk   pclk     fb   bar1   ccpm 
#YYYYMMDD    HH:MM:SS     Idx      W      C      C      %      %      %      %      %      %    MHz    MHz     MB     MB     MB 
 20260905    03:41:17       0     71     28     34      0      0      0      0      0      0   2619    345      0      1      0 
 20260905    03:41:17       1     98     25     33      0      0      0      0      0      0   2619   1590      0      1      0 
 20260905    03:41:22       0     71     28     34      0      0      0      0      0      0   2619    345      0      1      0 
 20260905    03:41:22       1     99     25     32      0      0      0      0      0      0   2619   1590      0      1      0 
 20260905    03:41:27       0     71     29     34      0      0      0      0      0      0   2619    345      0      1      0 
 20260905    03:41:27       1     98     25     32      0      0      0      0      0      0   2619   1590      0      1      0 
 20260905    03:41:32       0     71     30     34      0      0      0      0      0      0   2619    345      0      1      0 
 20260905    03:41:32       1     98     25     32      0      0      0      0      0      0   2619   1590      0      1      0 
 20260905    03:41:37       0     71     30     36      0      0      0      0      0      0   2619    345      0      1      0 
 20260905    03:41:37       1     98     25     32      0      0      0      0      0      0   2619   1590      0      1      0 
 20260905    03:41:42       0     71     30     36      0      0      0      0      0      0   2619    345      4      4      0 
 20260905    03:41:42       1     98     25     33      0      0      0      0      0      0   2619   1590      0      1      0 
 20260905    03:41:47       0     71     31     36      0      0      0      0      0      0   2619    345      4      4      0 
 20260905    03:41:47       1     98     25     33      0      0      0      0      0      0   2619   1590      0      1      0 
 20260905    03:41:52       0     71     31     36      0      0      0      0      0      0   2619    345      4      4      0 
 20260905    03:41:52       1     99     25     32      0      0      0      0      0      0   2619   1590      0      1      0 
 20260905    03:41:57       0     71     31     37      0      0      0      0      0      0   2619    345      4      4      0 
 20260905    03:41:57       1     99     25     33      0      0      0      0      0      0   2619   1590      0      1      0 
 20260905    03:42:02       0     71     30     36      0      0      0      0      0      0   2619    345      4      4      0 
 20260905    03:42:02       1     99     25     32      0      0      0      0      0      0   2619   1590      0      1      0 
 20260905    03:42:07       0     71     30     36      0      0      0      0      0      0   2619    345      4      4      0 
 20260905    03:42:07       1     99     25     33      0      0      0      0      0      0   2619   1590      0      1      0 
 20260905    03:42:12       0     71     29     34      0      0      0      0      0      0   2619    345      4      4      0 
 20260905    03:42:12       1     99     25     34      0      0      0      0      0      0   2619   1590      4      4      0 
 20260905    03:42:17       0     71     29     34      0      0      0      0      0      0   2619    345      4      4      0 
 20260905    03:42:17       1     97     25     34      6      0      0      0      0      0   2619   1590   8555   8556      0 
 20260905    03:42:22       0     71     29     34      0      0      0      0      0      0   2619    345      4      4      0 
 20260905    03:42:22       1     96     25     33      0      0      0      0      0      0   2619   1590   8667   8668      0 
 20260905    03:42:27       0    118     30     34      0      0      0      0      0      0   2619   1980   8649   8650      0 
 20260905    03:42:27       1    365     30     38     76     37      0      0      0      0   2619   1590  11447  11448      0 
 20260905    03:42:32       0    118     30     34      0      0      0      0      0      0   2619   1980   9165   9166      0 
 20260905    03:42:32       1    273     28     36      0      0      0      0      0      0   2619   1590  11447  11448      0 
 20260905    03:42:37       0    137     30     34     33      6      0      0      0      0   2619   1980   9335   9336      0 
 20260905    03:42:37       1     96     26     34      0      0      0      0      0      0   2619   1590  11447  11448      0 
 20260905    03:42:42       0     87     28     35      0      0      0      0      0      0   2619    480      0      1      0 
 20260905    03:42:42       1    381     34     42     79     38      0      0      0      0   2619   1590  11447  11448      0 
 20260905    03:42:47       0     71     28     35      0      0      0      0      0      0   2619    345      0      1      0 
 20260905    03:42:47       1     97     27     34      0      0      0      0      0      0   2619   1590  11447  11448      0 
 20260905    03:42:52       0     71     29     34      0      0      0      0      0      0   2619    345      0      1      0 
 20260905    03:42:52       1     99     26     34      0      0      0      0      0      0   2619   1590      0      1      0 
 20260905    03:42:57       0     71     29     35      0      0      0      0      0      0   2619    345      0      1      0 
 20260905    03:42:57       1     99     26     34      0      0      0      0      0      0   2619   1590      0      1      0 
 20260905    03:43:02       0     71     30     35      0      0      0      0      0      0   2619    345      4      4      0 
 20260905    03:43:02       1     98     26     34      0      0      0      0      0      0   2619   1590      0      1      0 
#Date        Time         gpu    pwr  gtemp  mtemp     sm    mem    enc    dec    jpg    ofa   mclk   pclk     fb   bar1   ccpm 
#YYYYMMDD    HH:MM:SS     Idx      W      C      C      %      %      %      %      %      %    MHz    MHz     MB     MB     MB 
 20260905    03:43:07       0     71     30     36      0      0      0      0      0      0   2619    345      4      4      0 
 20260905    03:43:07       1     98     25     34      0      0      0      0      0      0   2619   1590      0      1      0 
 20260905    03:43:12       0     71     30     36      0      0      0      0      0      0   2619    345      4      4      0 
 20260905    03:43:12       1     98     25     34      0      0      0      0      0      0   2619   1590      0      1      0 
 20260905    03:43:17       0     71     31     36      0      0      0      0      0      0   2619    345      4      4      0 
 20260905    03:43:17       1     98     25     34      0      0      0      0      0      0   2619   1590      0      1      0 
 20260905    03:43:22       0     71     31     36      0      0      0      0      0      0   2619    345      4      4      0 
 20260905    03:43:22       1     98     25     34      0      0      0      0      0      0   2619   1590      0      1      0 
 20260905    03:43:27       0     71     31     36      0      0      0      0      0      0   2619    345      4      4      0 
 20260905    03:43:27       1     98     25     34      0      0      0      0      0      0   2619   1590      0      1      0 
 20260905    03:43:32       0     71     31     36      0      0      0      0      0      0   2619    345      4      4      0 
 20260905    03:43:32       1     98     25     34      0      0      0      0      0      0   2619   1590      0      1      0 
 20260905    03:43:37       0     71     31     36      0      0      0      0      0      0   2619    345      4      4      0 
 20260905    03:43:37       1     98     25     34      0      0      0      0      0      0   2619   1590      4      4      0 
 20260905    03:43:42       0    102     32     37     11      0      0      0      0      0   2619   1980   8549   8550      0 
 20260905    03:43:42       1     98     25     34      0      0      0      0      0      0   2619   1590      4      4      0 
 20260905    03:43:47       0    119     33     36      0      0      0      0      0      0   2619   1980   8683   8684      0 
 20260905    03:43:47       1     97     25     34      4      0      0      0      0      0   2619   1590   8553   8554      0 
 20260905    03:43:52       0    200     37     43    100     55      0      0      0      0   2619   1980  11439  11440      0 
 20260905    03:43:52       1     96     25     34      0      0      0      0      0      0   2619   1590   8651   8652      0 
 20260905    03:43:57       0    170     35     41     36     13      0      0      0      0   2619   1980  11441  11442      0 
 20260905    03:43:57       1    106     25     34      3      1      0      0      0      0   2619   1590  10411  10412      0 
 20260905    03:44:02       0    188     35     40     32     11      0      0      0      0   2619   1980  11447  11448      0 
 20260905    03:44:02       1    387     34     44     92     50      0      0      0      0   2619   1590  11927  11928      0 
 20260905    03:44:07       0    170     35     40     37     13      0      0      0      0   2619   1980  11453  11454      0 
 20260905    03:44:07       1    100     27     34      0      0      0      0      0      0   2619   1590      0      1      0 
 20260905    03:44:13       0    189     35     40     41     14      0      0      0      0   2619   1980  11459  11460      0 
 20260905    03:44:13       1     99     26     35      0      0      0      0      0      0   2619   1590      0      1      0 
 20260905    03:44:18       0    211     35     42     32     11      0      0      0      0   2619   1980  11825  11826      0 
 20260905    03:44:18       1     99     26     34      0      0      0      0      0      0   2619   1590      0      1      0 
 20260905    03:44:23       0    237     35     43     66     24      0      0      0      0   2619   1980  11825  11826      0 
 20260905    03:44:23       1     99     26     34      0      0      0      0      0      0   2619   1590      0      1      0 
 20260905    03:44:28       0    245     35     42     68     25      0      0      0      0   2619   1980  11825  11826      0 
 20260905    03:44:28       1     98     25     34      0      0      0      0      0      0   2619   1590      0      1      0 
 20260905    03:44:33       0    228     35     41     65     23      0      0      0      0   2619   1980  11825  11826      0 
 20260905    03:44:33       1     98     25     34      0      0      0      0      0      0   2619   1590      0      1      0 
 20260905    03:44:38       0    232     35     42     68     24      0      0      0      0   2619   1980  11825  11826      0 
 20260905    03:44:38       1     98     25     34      0      0      0      0      0      0   2619   1590      0      1      0 
 20260905    03:44:43       0    208     34     41     46     16      0      0      0      0   2619   1980  11825  11826      0 
 20260905    03:44:43       1     98     25     34      0      0      0      0      0      0   2619   1590      0      1      0 
 20260905    03:44:48       0    235     34     42     66     23      0      0      0      0   2619   1980  11829  11830      0 
 20260905    03:44:48       1     98     25     34      0      0      0      0      0      0   2619   1590      0      1      0 
 20260905    03:44:53       0    237     34     41     65     24      0      0      0      0   2619   1980  11829  11830      0 
 20260905    03:44:53       1     98     25     34      0      0      0      0      0      0   2619   1590      0      1      0 
#Date        Time         gpu    pwr  gtemp  mtemp     sm    mem    enc    dec    jpg    ofa   mclk   pclk     fb   bar1   ccpm 
#YYYYMMDD    HH:MM:SS     Idx      W      C      C      %      %      %      %      %      %    MHz    MHz     MB     MB     MB 
 20260905    03:44:58       0    223     34     41     64     22      0      0      0      0   2619   1980  11829  11830      0 
 20260905    03:44:58       1     98     25     34      0      0      0      0      0      0   2619   1590      0      1      0 
 20260905    03:45:03       0    232     34     42     67     24      0      0      0      0   2619   1980  11829  11830      0 
 20260905    03:45:03       1     98     25     34      0      0      0      0      0      0   2619   1590      0      1      0 
 20260905    03:45:08       0    239     34     42     69     25      0      0      0      0   2619   1980  11829  11830      0 
 20260905    03:45:08       1     98     25     34      0      0      0      0      0      0   2619   1590      0      1      0 
 20260905    03:45:13       0    188     33     40     48     17      0      0      0      0   2619   1980  11831  11832      0 
 20260905    03:45:13       1     98     25     34      0      0      0      0      0      0   2619   1590      4      4      0 
 20260905    03:45:18       0    229     34     40     66     23      0      0      0      0   2619   1980  12075  12076      0 
 20260905    03:45:18       1     98     25     34      0      0      0      0      0      0   2619   1590      4      4      0 
 20260905    03:45:23       0    231     34     41     66     24      0      0      0      0   2619   1980  12075  12076      0 
 20260905    03:45:23       1     98     25     34      0      0      0      0      0      0   2619   1590      4      4      0 
 20260905    03:45:28       0    238     34     41     67     24      0      0      0      0   2619   1980  12075  12076      0 
 20260905    03:45:28       1     96     25     34      0      0      0      0      0      0   2619   1590   8651   8652      0 
 20260905    03:45:33       0    220     34     41     66     23      0      0      0      0   2619   1980  12077  12078      0 
 20260905    03:45:33       1     96     25     33      0      0      0      0      0      0   2619   1590   9165   9166      0 
 20260905    03:45:38       0    235     34     41     68     24      0      0      0      0   2619   1980  12077  12078      0 
 20260905    03:45:38       1    385     33     42    100     54      0      0      0      0   2619   1590  11927  11928      0 
 20260905    03:45:43       0    236     34     41     68     25      0      0      0      0   2619   1980  12077  12078      0 
 20260905    03:45:43       1     97     27     36      0      0      0      0      0      0   2619   1590  11927  11928      0 
 20260905    03:45:48       0    189     33     39     44     16      0      0      0      0   2619   1980  12077  12078      0 
 20260905    03:45:48       1     96     26     34      0      0      0      0      0      0   2619   1590  11927  11928      0 
 20260905    03:45:53       0    233     34     40     68     24      0      0      0      0   2619   1980  12321  12322      0 
 20260905    03:45:53       1     99     26     34      0      0      0      0      0      0   2619   1590      0      1      0 
 20260905    03:45:58       0    239     34     40     69     25      0      0      0      0   2619   1980  12321  12322      0 
 20260905    03:45:58       1     98     26     34      0      0      0      0      0      0   2619   1590      0      1      0 
 20260905    03:46:03       0    250     34     43     71     26      0      0      0      0   2619   1980  12321  12322      0 
 20260905    03:46:03       1     98     25     34      0      0      0      0      0      0   2619   1590      0      1      0 
 20260905    03:46:08       0    125     31     37      0      0      0      0      0      0   2619   1980      0      1      0 
 20260905    03:46:08       1     98     25     34      0      0      0      0      0      0   2619   1590      0      1      0 
 20260905    03:46:13       0     71     29     36      0      0      0      0      0      0   2619    345      0      1      0 
 20260905    03:46:13       1     98     25     34      0      0      0      0      0      0   2619   1590      0      1      0 
 20260905    03:46:18       0     71     29     34      0      0      0      0      0      0   2619    345      0      1      0 
 20260905    03:46:18       1     98     25     34      0      0      0      0      0      0   2619   1590      4      4      0 
 20260905    03:46:23       0     71     28     34      0      0      0      0      0      0   2619    345      0      1      0 
 20260905    03:46:23       1     98     25     34      0      0      0      0      0      0   2619   1590      4      4      0 
 20260905    03:46:28       0     71     28     34      0      0      0      0      0      0   2619    345      0      1      0 
 20260905    03:46:28       1     98     25     34      0      0      0      0      0      0   2619   1590      4      4      0 
 20260905    03:46:33       0     71     28     34      0      0      0      0      0      0   2619    345      4      4      0 
 20260905    03:46:33       1     98     25     34      0      0      0      0      0      0   2619   1590      4      4      0 
 20260905    03:46:38       0     71     27     34      0      0      0      0      0      0   2619    345      4      4      0 
 20260905    03:46:38       1     98     25     34      0      0      0      0      0      0   2619   1590      4      4      0 
 20260905    03:46:43       0     71     27     34      0      0      0      0      0      0   2619    345      4      4      0 
 20260905    03:46:43       1     98     25     33      0      0      0      0      0      0   2619   1590      4      4      0 
#Date        Time         gpu    pwr  gtemp  mtemp     sm    mem    enc    dec    jpg    ofa   mclk   pclk     fb   bar1   ccpm 
#YYYYMMDD    HH:MM:SS     Idx      W      C      C      %      %      %      %      %      %    MHz    MHz     MB     MB     MB 
 20260905    03:46:48       0     71     27     34      0      0      0      0      0      0   2619    345      4      4      0 
 20260905    03:46:48       1     98     25     33      0      0      0      0      0      0   2619   1590      4      4      0 
 20260905    03:46:53       0     71     27     34      0      0      0      0      0      0   2619    345      4      4      0 
 20260905    03:46:53       1     98     25     34      0      0      0      0      0      0   2619   1590      4      4      0 
 20260905    03:46:58       0     71     27     34      0      0      0      0      0      0   2619    345      4      4      0 
 20260905    03:46:58       1     97     25     33      6      0      0      0      0      0   2619   1590   8551   8552      0 
 20260905    03:47:03       0     71     27     33      0      0      0      0      0      0   2619    345      4      4      0 
 20260905    03:47:03       1     96     25     34      0      0      0      0      0      0   2619   1590   8697   8698      0 
 20260905    03:47:08       0     71     27     34      0      0      0      0      0      0   2619    345      4      4      0 
 20260905    03:47:08       1    151     26     36     43     14      0      0      0      0   2619   1590  11441  11442      0 
 20260905    03:47:13       0     71     27     33      0      0      0      0      0      0   2619    345      4      4      0 
 20260905    03:47:13       1    158     26     36     35     12      0      0      0      0   2619   1590  11447  11448      0 
 20260905    03:47:18       0    118     28     34      0      0      0      0      0      0   2619   1980   8649   8650      0 
 20260905    03:47:18       1    147     27     36     42     14      0      0      0      0   2619   1590  11453  11454      0 
 20260905    03:47:23       0    118     29     34      0      0      0      0      0      0   2619   1980   9271   9272      0 
 20260905    03:47:23       1    159     27     36     34     11      0      0      0      0   2619   1590  11457  11458      0 
 20260905    03:47:28       0    119     28     34      0      0      0      0      0      0   2619    645      0      1      0 
 20260905    03:47:28       1    156     27     36     49     16      0      0      0      0   2619   1590  11463  11464      0 
 20260905    03:47:33       0     71     27     34      0      0      0      0      0      0   2619    345      0      1      0 
 20260905    03:47:33       1    192     28     40     71     24      0      0      0      0   2619   1590  11827  11828      0 
 20260905    03:47:38       0     71     27     33      0      0      0      0      0      0   2619    345      0      1      0 
 20260905    03:47:38       1    201     28     38     72     25      0      0      0      0   2619   1590  11827  11828      0 
 20260905    03:47:43       0     71     27     32      0      0      0      0      0      0   2619    345      0      1      0 
 20260905    03:47:43       1    206     29     40     43     22      0      0      0      0   2619   1590  11827  11828      0 
 20260905    03:47:48       0     71     27     32      0      0      0      0      0      0   2619    345      0      1      0 
 20260905    03:47:48       1    199     29     41     71     24      0      0      0      0   2619   1590  11827  11828      0 
 20260905    03:47:53       0     71     27     32      0      0      0      0      0      0   2619    345      4      4      0 
 20260905    03:47:53       1    203     29     42     72     25      0      0      0      0   2619   1590  11827  11828      0 
 20260905    03:47:58       0     71     27     32      0      0      0      0      0      0   2619    345      4      4      0 
 20260905    03:47:58       1    160     28     37     43     15      0      0      0      0   2619   1590  11831  11832      0 
 20260905    03:48:03       0     70     27     32      0      0      0      0      0      0   2619    345      4      4      0 
 20260905    03:48:03       1    160     28     38     34     12      0      0      0      0   2619   1590  11837  11838      0 
 20260905    03:48:08       0     70     27     32      0      0      0      0      0      0   2619    345      4      4      0 
 20260905    03:48:08       1    174     28     38     72     24      0      0      0      0   2619   1590  11843  11844      0 
 20260905    03:48:13       0     71     27     32      0      0      0      0      0      0   2619    345      4      4      0 
 20260905    03:48:13       1    197     29     39     72     24      0      0      0      0   2619   1590  11843  11844      0 
 20260905    03:48:18       0     71     27     32      0      0      0      0      0      0   2619    345      4      4      0 
 20260905    03:48:18       1    202     29     40     73     25      0      0      0      0   2619   1590  11843  11844      0 
 20260905    03:48:23       0     70     27     33      0      0      0      0      0      0   2619    345      4      4      0 
 20260905    03:48:23       1    188     29     39     62     21      0      0      0      0   2619   1590  11843  11844      0 
 20260905    03:48:28       0     70     27     32      0      0      0      0      0      0   2619    345      4      4      0 
 20260905    03:48:28       1    200     29     39     73     25      0      0      0      0   2619   1590  11843  11844      0 
 20260905    03:48:33       0     70     27     33      0      0      0      0      0      0   2619    345      4      4      0 
 20260905    03:48:33       1    205     29     38     70     24      0      0      0      0   2619   1590  11843  11844      0 
#Date        Time         gpu    pwr  gtemp  mtemp     sm    mem    enc    dec    jpg    ofa   mclk   pclk     fb   bar1   ccpm 
#YYYYMMDD    HH:MM:SS     Idx      W      C      C      %      %      %      %      %      %    MHz    MHz     MB     MB     MB 
 20260905    03:48:38       0     71     27     32      0      0      0      0      0      0   2619    345      4      4      0 
 20260905    03:48:38       1    199     29     41     71     24      0      0      0      0   2619   1590  12083  12084      0 
 20260905    03:48:43       0     70     27     33      0      0      0      0      0      0   2619    345      4      4      0 
 20260905    03:48:43       1    204     29     40     74     26      0      0      0      0   2619   1590  12083  12084      0 
 20260905    03:48:48       0    118     28     32      5      0      0      0      0      0   2619   1980   8553   8554      0 
 20260905    03:48:48       1    203     29     41     72     25      0      0      0      0   2619   1590  12083  12084      0 
 20260905    03:48:53       0    118     28     34      0      0      0      0      0      0   2619   1980   9159   9160      0 
 20260905    03:48:53       1    131     28     38     20      6      0      0      0      0   2619   1590  12083  12084      0 
 20260905    03:48:58       0    181     30     36     37     12      0      0      0      0   2619   1980  11441  11442      0 
 20260905    03:48:58       1    201     29     40     73     25      0      0      0      0   2619   1590  12083  12084      0 
 20260905    03:49:03       0    179     30     36     44     16      0      0      0      0   2619   1980  11447  11448      0 
 20260905    03:49:03       1    209     29     40     74     26      0      0      0      0   2619   1590  12083  12084      0 
 20260905    03:49:08       0    177     31     37     32     11      0      0      0      0   2619   1980  11453  11454      0 
 20260905    03:49:08       1    197     29     40     70     24      0      0      0      0   2619   1590  12327  12328      0 
 20260905    03:49:13       0    178     30     36     42     15      0      0      0      0   2619   1980  11459  11460      0 
 20260905    03:49:13       1    200     29     40     71     24      0      0      0      0   2619   1590  12327  12328      0 
 20260905    03:49:18       0    185     31     36     37     14      0      0      0      0   2619   1980  11465  11466      0 
 20260905    03:49:18       1    207     29     40     72     25      0      0      0      0   2619   1590  12327  12328      0 
 20260905    03:49:23       0    222     32     40     63     22      0      0      0      0   2619   1980  11825  11826      0 
 20260905    03:49:23       1    220     29     40     69     23      0      0      0      0   2619   1590  12327  12328      0 
 20260905    03:49:28       0    224     32     39     62     22      0      0      0      0   2619   1980  11825  11826      0 
 20260905    03:49:28       1    196     29     40     72     24      0      0      0      0   2619   1590  12327  12328      0 
 20260905    03:49:33       0    222     33     39     64     23      0      0      0      0   2619   1980  11825  11826      0 
 20260905    03:49:33       1    200     29     41     72     25      0      0      0      0   2619   1590  12327  12328      0 
 20260905    03:49:38       0    226     33     40     65     23      0      0      0      0   2619   1980  11825  11826      0 
 20260905    03:49:38       1    196     29     41     70     24      0      0      0      0   2619   1590  12327  12328      0 
 20260905    03:49:43       0    232     33     40     62     23      0      0      0      0   2619   1980  11825  11826      0 
 20260905    03:49:43       1    198     29     40     67     23      0      0      0      0   2619   1590  12327  12328      0 
 20260905    03:49:49       0    229     33     40     64     22      0      0      0      0   2619   1980  11831  11832      0 
 20260905    03:49:49       1    196     29     40     71     24      0      0      0      0   2619   1590  12327  12328      0 
 20260905    03:49:54       0    234     33     40     65     24      0      0      0      0   2619   1980  11831  11832      0 
 20260905    03:49:54       1    200     29     40     73     25      0      0      0      0   2619   1590  12327  12328      0 
 20260905    03:49:59       0    238     34     40     58     22      0      0      0      0   2619   1980  11831  11832      0 
 20260905    03:49:59       1    205     30     40     74     26      0      0      0      0   2619   1590  12327  12328      0 
 20260905    03:50:04       0    230     33     40     64     23      0      0      0      0   2619   1980  11831  11832      0 
 20260905    03:50:04       1    249     32     44    100     50      0      0      0      0   2619   1590  12327  12328      0 
 20260905    03:50:09       0    232     33     40     64     23      0      0      0      0   2619   1980  11831  11832      0 
 20260905    03:50:09       1    195     29     40     72     24      0      0      0      0   2619   1590  12327  12328      0 
 20260905    03:50:14       0    187     32     38     41     15      0      0      0      0   2619   1980  11831  11832      0 
 20260905    03:50:14       1    202     29     40     73     25      0      0      0      0   2619   1590  12327  12328      0 
 20260905    03:50:19       0    220     33     40     64     23      0      0      0      0   2619   1980  12071  12072      0 
 20260905    03:50:19       1    193     29     40     70     24      0      0      0      0   2619   1590  12327  12328      0 
 20260905    03:50:24       0    227     33     41     65     23      0      0      0      0   2619   1980  12071  12072      0 
 20260905    03:50:24       1    202     29     40     72     25      0      0      0      0   2619   1590  12327  12328      0 
#Date        Time         gpu    pwr  gtemp  mtemp     sm    mem    enc    dec    jpg    ofa   mclk   pclk     fb   bar1   ccpm 
#YYYYMMDD    HH:MM:SS     Idx      W      C      C      %      %      %      %      %      %    MHz    MHz     MB     MB     MB 
 20260905    03:50:29       0    229     33     38     40     14      0      0      0      0   2619   1980  12071  12072      0 
 20260905    03:50:29       1    206     30     42     74     26      0      0      0      0   2619   1590  12327  12328      0 
 20260905    03:50:34       0    225     33     40     64     23      0      0      0      0   2619   1980  12073  12074      0 
 20260905    03:50:34       1    196     29     40     71     24      0      0      0      0   2619   1590  12327  12328      0 
 20260905    03:50:39       0    229     33     42     65     23      0      0      0      0   2619   1980  12073  12074      0 
 20260905    03:50:39       1    200     29     39     72     25      0      0      0      0   2619   1590  12327  12328      0 
 20260905    03:50:44       0    235     33     40     44     16      0      0      0      0   2619   1980  12075  12076      0 
 20260905    03:50:44       1    205     30     40     73     25      0      0      0      0   2619   1590  12327  12328      0 
 20260905    03:50:49       0    291     33     40     62     22      0      0      0      0   2619   1980  12321  12322      0 
 20260905    03:50:49       1    198     29     40     71     24      0      0      0      0   2619   1590  12327  12328      0 
 20260905    03:50:54       0    234     33     41     65     23      0      0      0      0   2619   1980  12321  12322      0 
 20260905    03:50:54       1    200     29     40     72     25      0      0      0      0   2619   1590  12327  12328      0 
 20260905    03:50:59       0    232     34     40     66     24      0      0      0      0   2619   1980  12321  12322      0 
 20260905    03:50:59       1    206     30     40     74     26      0      0      0      0   2619   1590  12327  12328      0 
 20260905    03:51:04       0    238     34     41     66     24      0      0      0      0   2619   1980  12321  12322      0 
 20260905    03:51:04       1    198     30     40     73     25      0      0      0      0   2619   1590  12327  12328      0 
 20260905    03:51:09       0    193     32     38     45     16      0      0      0      0   2619   1980  12327  12328      0 
 20260905    03:51:09       1    202     30     40     72     25      0      0      0      0   2619   1590  12327  12328      0 
 20260905    03:51:14       0    191     32     39     37     14      0      0      0      0   2619   1980  12333  12334      0 
 20260905    03:51:14       1    233     32     42    100     52      0      0      0      0   2619   1590  12327  12328      0 
 20260905    03:51:19       0    272     33     40     62     21      0      0      0      0   2619   1980  13095  13096      0 
 20260905    03:51:19       1    194     29     40     71     24      0      0      0      0   2619   1590  12327  12328      0 
 20260905    03:51:24       0    224     33     42     64     23      0      0      0      0   2619   1980  13095  13096      0 
 20260905    03:51:24       1    204     30     40     72     25      0      0      0      0   2619   1590  12327  12328      0 
 20260905    03:51:29       0    232     33     41     62     23      0      0      0      0   2619   1980  13095  13096      0 
 20260905    03:51:29       1    197     30     40     73     25      0      0      0      0   2619   1590  12327  12328      0 
 20260905    03:51:34       0    226     34     41     64     22      0      0      0      0   2619   1980  13095  13096      0 
 20260905    03:51:34       1    197     29     40     72     24      0      0      0      0   2619   1590  12327  12328      0 
 20260905    03:51:39       0    235     34     40     65     24      0      0      0      0   2619   1980  13095  13096      0 
 20260905    03:51:39       1    245     30     40     69     23      0      0      0      0   2619   1590  12327  12328      0 
 20260905    03:51:44       0    242     34     40     67     24      0      0      0      0   2619   1980  13095  13096      0 
 20260905    03:51:44       1    200     29     40     71     24      0      0      0      0   2619   1590  12327  12328      0 
 20260905    03:51:49       0    227     34     42     65     23      0      0      0      0   2619   1980  13095  13096      0 
 20260905    03:51:49       1    201     30     42     73     26      0      0      0      0   2619   1590  12327  12328      0 
 20260905    03:51:54       0    235     34     41     65     24      0      0      0      0   2619   1980  13095  13096      0 
 20260905    03:51:54       1    207     30     40     75     26      0      0      0      0   2619   1590  12327  12328      0 
 20260905    03:51:59       0    220     34     40     64     22      0      0      0      0   2619   1980  13095  13096      0 
 20260905    03:51:59       1    192     29     40     70     23      0      0      0      0   2619   1590  12327  12328      0 
 20260905    03:52:04       0    233     34     40     64     23      0      0      0      0   2619   1980  13095  13096      0 
 20260905    03:52:04       1    200     29     41     73     25      0      0      0      0   2619   1590  12327  12328      0 
 20260905    03:52:09       0    235     34     40     65     24      0      0      0      0   2619   1980  13095  13096      0 
 20260905    03:52:09       1    244     30     42     70     23      0      0      0      0   2619   1590  12327  12328      0 
 20260905    03:52:14       0    221     34     42     64     22      0      0      0      0   2619   1980  13095  13096      0 
 20260905    03:52:14       1    197     29     40     71     24      0      0      0      0   2619   1590  12327  12328      0 
#Date        Time         gpu    pwr  gtemp  mtemp     sm    mem    enc    dec    jpg    ofa   mclk   pclk     fb   bar1   ccpm 
#YYYYMMDD    HH:MM:SS     Idx      W      C      C      %      %      %      %      %      %    MHz    MHz     MB     MB     MB 
 20260905    03:52:19       0    225     34     40     65     23      0      0      0      0   2619   1980  13095  13096      0 
 20260905    03:52:19       1    206     30     40     74     26      0      0      0      0   2619   1590  12327  12328      0 
 20260905    03:52:24       0    235     34     42     66     24      0      0      0      0   2619   1980  13095  13096      0 
 20260905    03:52:24       1    206     30     40     73     26      0      0      0      0   2619   1590  12327  12328      0 
 20260905    03:52:29       0    300     34     41     61     21      0      0      0      0   2619   1980  13095  13096      0 
 20260905    03:52:29       1    197     29     40     71     24      0      0      0      0   2619   1590  12327  12328      0 
 20260905    03:52:34       0    224     34     40     64     23      0      0      0      0   2619   1980  13095  13096      0 
 20260905    03:52:34       1    202     30     40     73     25      0      0      0      0   2619   1590  12327  12328      0 
 20260905    03:52:39       0    233     34     40     66     24      0      0      0      0   2619   1980  13095  13096      0 
 20260905    03:52:39       1    196     30     40     69     23      0      0      0      0   2619   1590  12327  12328      0 
 20260905    03:52:44       0    226     34     40     63     22      0      0      0      0   2619   1980  13095  13096      0 
 20260905    03:52:44       1    200     29     40     73     25      0      0      0      0   2619   1590  12327  12328      0 
 20260905    03:52:49       0    232     34     40     62     22      0      0      0      0   2619   1980  13095  13096      0 
 20260905    03:52:49       1    204     30     40     74     26      0      0      0      0   2619   1590  12327  12328      0 
 20260905    03:52:54       0    233     34     41     66     24      0      0      0      0   2619   1980  13095  13096      0 
 20260905    03:52:54       1    194     30     40     70     24      0      0      0      0   2619   1590  12327  12328      0 
 20260905    03:52:59       0    236     34     42     67     25      0      0      0      0   2619   1980  13095  13096      0 
 20260905    03:52:59       1    202     30     40     72     24      0      0      0      0   2619   1590  12327  12328      0 
 20260905    03:53:04       0    227     34     40     65     23      0      0      0      0   2619   1980  13095  13096      0 
 20260905    03:53:04       1    204     30     41     74     26      0      0      0      0   2619   1590  12327  12328      0 
 20260905    03:53:09       0    227     34     41     64     23      0      0      0      0   2619   1980  13095  13096      0 
 20260905    03:53:09       1    248     32     44    100     53      0      0      0      0   2619   1590  12327  12328      0 
 20260905    03:53:14       0    235     34     42     66     24      0      0      0      0   2619   1980  13095  13096      0 
 20260905    03:53:14       1    197     29     40     70     24      0      0      0      0   2619   1590  12327  12328      0 
 20260905    03:53:19       0    238     34     41     67     25      0      0      0      0   2619   1980  13095  13096      0 
 20260905    03:53:19       1    201     30     40     72     25      0      0      0      0   2619   1590  12327  12328      0 
 20260905    03:53:24       0    293     37     45    100     55      0      0      0      0   2619   1980  13095  13096      0 
 20260905    03:53:24       1    194     29     40     70     24      0      0      0      0   2619   1590  12327  12328      0 
 20260905    03:53:29       0    230     34     40     65     23      0      0      0      0   2619   1980  13095  13096      0 
 20260905    03:53:29       1    201     29     40     74     25      0      0      0      0   2619   1590  12327  12328      0 
 20260905    03:53:34       0    224     34     41     63     22      0      0      0      0   2619   1980  13095  13096      0 
 20260905    03:53:34       1    195     30     40     69     23      0      0      0      0   2619   1590  12327  12328      0 
 20260905    03:53:39       0    220     34     41     63     22      0      0      0      0   2619   1980  13095  13096      0 
 20260905    03:53:39       1    198     29     40     72     25      0      0      0      0   2619   1590  12327  12328      0 
 20260905    03:53:44       0    223     34     40     64     23      0      0      0      0   2619   1980  13095  13096      0 
 20260905    03:53:44       1    201     30     40     74     26      0      0      0      0   2619   1590  12327  12328      0 
 20260905    03:53:49       0    234     34     40     65     23      0      0      0      0   2619   1980  13095  13096      0 
 20260905    03:53:49       1    209     30     40     73     26      0      0      0      0   2619   1590  12327  12328      0 
 20260905    03:53:54       0    223     34     41     65     23      0      0      0      0   2619   1980  13095  13096      0 
 20260905    03:53:54       1    192     29     40     70     23      0      0      0      0   2619   1590  12327  12328      0 
 20260905    03:54:00       0    229     34     40     65     23      0      0      0      0   2619   1980  13095  13096      0 
 20260905    03:54:00       1    199     29     40     72     25      0      0      0      0   2619   1590  12327  12328      0 
 20260905    03:54:05       0    233     34     40     66     24      0      0      0      0   2619   1980  13095  13096      0 
 20260905    03:54:05       1    245     30     41     69     23      0      0      0      0   2619   1590  12327  12328      0 
#Date        Time         gpu    pwr  gtemp  mtemp     sm    mem    enc    dec    jpg    ofa   mclk   pclk     fb   bar1   ccpm 
#YYYYMMDD    HH:MM:SS     Idx      W      C      C      %      %      %      %      %      %    MHz    MHz     MB     MB     MB 
 20260905    03:54:10       0    219     34     40     64     22      0      0      0      0   2619   1980  13095  13096      0 
 20260905    03:54:10       1    201     29     39     72     25      0      0      0      0   2619   1590  12327  12328      0 
 20260905    03:54:15       0    229     33     40     61     22      0      0      0      0   2619   1980  13095  13096      0 
 20260905    03:54:15       1    203     30     40     70     24      0      0      0      0   2619   1590  12327  12328      0 
 20260905    03:54:20       0    231     34     41     65     23      0      0      0      0   2619   1980  13095  13096      0 
 20260905    03:54:20       1    203     30     40     72     25      0      0      0      0   2619   1590  12327  12328      0 
 20260905    03:54:25       0    228     34     40     65     23      0      0      0      0   2619   1980  13095  13096      0 
 20260905    03:54:25       1    197     29     40     71     24      0      0      0      0   2619   1590  12327  12328      0 
 20260905    03:54:30       0    231     34     40     65     23      0      0      0      0   2619   1980  13095  13096      0 
 20260905    03:54:30       1    200     30     40     74     25      0      0      0      0   2619   1590  12327  12328      0 
 20260905    03:54:35       0    233     34     42     66     24      0      0      0      0   2619   1980  13095  13096      0 
 20260905    03:54:35       1    247     30     40     69     23      0      0      0      0   2619   1590  12327  12328      0 
 20260905    03:54:40       0    223     34     41     63     22      0      0      0      0   2619   1980  13095  13096      0 
 20260905    03:54:40       1    197     30     40     73     25      0      0      0      0   2619   1590  12327  12328      0 
 20260905    03:54:45       0    233     34     42     65     24      0      0      0      0   2619   1980  13095  13096      0 
 20260905    03:54:45       1    202     30     40     72     25      0      0      0      0   2619   1590  12327  12328      0 
 20260905    03:54:50       0    232     34     41     65     24      0      0      0      0   2619   1980  13095  13096      0 
 20260905    03:54:50       1    221     32     43     97     54      0      0      0      0   2619   1590  12327  12328      0 
 20260905    03:54:55       0    224     34     40     65     23      0      0      0      0   2619   1980  13095  13096      0 
 20260905    03:54:55       1    200     30     40     70     24      0      0      0      0   2619   1590  12327  12328      0 
 20260905    03:55:00       0    227     34     40     66     24      0      0      0      0   2619   1980  13095  13096      0 
 20260905    03:55:00       1    203     30     40     72     25      0      0      0      0   2619   1590  12327  12328      0 
 20260905    03:55:05       0    240     34     42     66     24      0      0      0      0   2619   1980  13095  13096      0 
 20260905    03:55:05       1    195     29     40     71     24      0      0      0      0   2619   1590  12327  12328      0 
 20260905    03:55:10       0    223     34     42     64     23      0      0      0      0   2619   1980  13095  13096      0 
 20260905    03:55:10       1    199     30     42     72     25      0      0      0      0   2619   1590  12327  12328      0 
 20260905    03:55:15       0    231     34     40     65     23      0      0      0      0   2619   1980  13095  13096      0 
 20260905    03:55:15       1    203     30     40     72     25      0      0      0      0   2619   1590  12327  12328      0 
 20260905    03:55:20       0    233     34     41     65     24      0      0      0      0   2619   1980  13095  13096      0 
 20260905    03:55:20       1    199     30     40     71     24      0      0      0      0   2619   1590  12327  12328      0 
 20260905    03:55:25       0    238     34     41     67     25      0      0      0      0   2619   1980  13095  13096      0 
 20260905    03:55:25       1    202     30     40     73     25      0      0      0      0   2619   1590  12327  12328      0 
 20260905    03:55:30       0    243     34     40     68     26      0      0      0      0   2619   1980  13095  13096      0 
 20260905    03:55:30       1    201     29     40     71     24      0      0      0      0   2619   1590  12327  12328      0 
 20260905    03:55:35       0    229     34     40     64     22      0      0      0      0   2619   1980  13095  13096      0 
 20260905    03:55:35       1    202     30     41     74     25      0      0      0      0   2619   1590  12327  12328      0 
 20260905    03:55:40       0    227     34     40     63     23      0      0      0      0   2619   1980  13095  13096      0 
 20260905    03:55:40       1    205     30     40     75     26      0      0      0      0   2619   1590  12327  12328      0 
 20260905    03:55:45       0    233     34     41     64     23      0      0      0      0   2619   1980  13095  13096      0 
 20260905    03:55:45       1    233     32     44     77     33      0      0      0      0   2619   1590  12327  12328      0 
 20260905    03:55:50       0    226     34     40     64     23      0      0      0      0   2619   1980  13095  13096      0 
 20260905    03:55:50       1    196     30     40     73     25      0      0      0      0   2619   1590  12327  12328      0 
 20260905    03:55:55       0    227     34     41     66     24      0      0      0      0   2619   1980  13095  13096      0 
 20260905    03:55:55       1    197     29     41     71     24      0      0      0      0   2619   1590  12327  12328      0 
#Date        Time         gpu    pwr  gtemp  mtemp     sm    mem    enc    dec    jpg    ofa   mclk   pclk     fb   bar1   ccpm 
#YYYYMMDD    HH:MM:SS     Idx      W      C      C      %      %      %      %      %      %    MHz    MHz     MB     MB     MB 
 20260905    03:56:00       0    229     34     40     64     22      0      0      0      0   2619   1980  13095  13096      0 
 20260905    03:56:00       1    195     29     40     71     24      0      0      0      0   2619   1590  12327  12328      0 
 20260905    03:56:05       0    232     34     40     65     23      0      0      0      0   2619   1980  13095  13096      0 
 20260905    03:56:05       1    199     29     41     71     24      0      0      0      0   2619   1590  12327  12328      0 
 20260905    03:56:10       0    235     34     40     65     24      0      0      0      0   2619   1980  13095  13096      0 
 20260905    03:56:10       1    209     30     42     75     26      0      0      0      0   2619   1590  12327  12328      0 
 20260905    03:56:15       0    220     34     40     64     23      0      0      0      0   2619   1980  13095  13096      0 
 20260905    03:56:15       1    194     30     40     72     25      0      0      0      0   2619   1590  12327  12328      0 
 20260905    03:56:20       0    230     34     40     65     23      0      0      0      0   2619   1980  13095  13096      0 
 20260905    03:56:20       1    200     30     41     71     25      0      0      0      0   2619   1590  12327  12328      0 
 20260905    03:56:25       0    289     34     42     61     21      0      0      0      0   2619   1980  13095  13096      0 
 20260905    03:56:25       1    205     30     40     75     26      0      0      0      0   2619   1590  12327  12328      0 
 20260905    03:56:30       0    228     34     40     64     23      0      0      0      0   2619   1980  13095  13096      0 
 20260905    03:56:30       1    194     29     42     70     24      0      0      0      0   2619   1590  12327  12328      0 
 20260905    03:56:35       0    233     34     40     63     23      0      0      0      0   2619   1980  13095  13096      0 
 20260905    03:56:35       1    205     30     40     74     25      0      0      0      0   2619   1590  12327  12328      0 
 20260905    03:56:40       0    241     34     41     67     25      0      0      0      0   2619   1980  13095  13096      0 
 20260905    03:56:40       1    208     30     40     75     26      0      0      0      0   2619   1590  12327  12328      0 
 20260905    03:56:45       0    224     34     42     63     23      0      0      0      0   2619   1980  13095  13096      0 
 20260905    03:56:45       1    204     30     40     73     25      0      0      0      0   2619   1590  12327  12328      0 
 20260905    03:56:50       0    230     34     41     66     24      0      0      0      0   2619   1980  13095  13096      0 
 20260905    03:56:50       1    203     30     40     71     25      0      0      0      0   2619   1590  12327  12328      0 
 20260905    03:56:55       0    230     34     40     67     24      0      0      0      0   2619   1980  13095  13096      0 
 20260905    03:56:55       1    209     30     40     76     27      0      0      0      0   2619   1590  12327  12328      0 
 20260905    03:57:00       0    226     34     42     64     23      0      0      0      0   2619   1980  13095  13096      0 
 20260905    03:57:00       1    192     29     40     67     22      0      0      0      0   2619   1590  12327  12328      0 
 20260905    03:57:05       0    229     34     40     66     24      0      0      0      0   2619   1980  13095  13096      0 
 20260905    03:57:05       1    204     30     40     73     25      0      0      0      0   2619   1590  12327  12328      0 
 20260905    03:57:10       0    235     34     40     65     24      0      0      0      0   2619   1980  13095  13096      0 
 20260905    03:57:10       1    203     30     41     72     25      0      0      0      0   2619   1590  12327  12328      0 
 20260905    03:57:15       0    224     34     41     64     23      0      0      0      0   2619   1980  13095  13096      0 
 20260905    03:57:15       1    197     30     40     73     25      0      0      0      0   2619   1590  12327  12328      0 
 20260905    03:57:20       0    230     34     41     65     23      0      0      0      0   2619   1980  13095  13096      0 
 20260905    03:57:20       1    202     30     40     72     25      0      0      0      0   2619   1590  12327  12328      0 
 20260905    03:57:25       0    234     34     40     66     24      0      0      0      0   2619   1980  13095  13096      0 
 20260905    03:57:25       1    197     30     40     72     24      0      0      0      0   2619   1590  12327  12328      0 
 20260905    03:57:30       0    235     34     41     66     24      0      0      0      0   2619   1980  13095  13096      0 
 20260905    03:57:30       1    201     30     41     72     25      0      0      0      0   2619   1590  12327  12328      0 
 20260905    03:57:35       0    240     34     41     68     26      0      0      0      0   2619   1980  13095  13096      0 
 20260905    03:57:35       1    207     30     40     72     25      0      0      0      0   2619   1590  12327  12328      0 
 20260905    03:57:40       0    224     34     41     63     22      0      0      0      0   2619   1980  13095  13096      0 
 20260905    03:57:40       1    183     29     38     49     17      0      0      0      0   2619   1590  12327  12328      0 
 20260905    03:57:45       0    224     34     40     64     23      0      0      0      0   2619   1980  13095  13096      0 
 20260905    03:57:45       1    198     29     40     71     24      0      0      0      0   2619   1590  12327  12328      0 
#Date        Time         gpu    pwr  gtemp  mtemp     sm    mem    enc    dec    jpg    ofa   mclk   pclk     fb   bar1   ccpm 
#YYYYMMDD    HH:MM:SS     Idx      W      C      C      %      %      %      %      %      %    MHz    MHz     MB     MB     MB 
 20260905    03:57:50       0    232     34     41     67     24      0      0      0      0   2619   1980  13095  13096      0 
 20260905    03:57:50       1    201     29     41     71     24      0      0      0      0   2619   1590  12327  12328      0 
 20260905    03:57:55       0    224     34     40     64     23      0      0      0      0   2619   1980  13095  13096      0 
 20260905    03:57:55       1    198     29     40     72     24      0      0      0      0   2619   1590  12327  12328      0 
 20260905    03:58:00       0    231     34     40     65     23      0      0      0      0   2619   1980  13095  13096      0 
 20260905    03:58:00       1    202     30     41     73     25      0      0      0      0   2619   1590  12327  12328      0 
 20260905    03:58:05       0    233     34     41     66     24      0      0      0      0   2619   1980  13095  13096      0 
 20260905    03:58:05       1    208     30     42     75     26      0      0      0      0   2619   1590  12327  12328      0 
 20260905    03:58:11       0    238     34     41     67     25      0      0      0      0   2619   1980  13095  13096      0 
 20260905    03:58:11       1    198     29     40     71     24      0      0      0      0   2619   1590  12327  12328      0 
 20260905    03:58:16       0    226     34     40     65     23      0      0      0      0   2619   1980  13095  13096      0 
 20260905    03:58:16       1    195     29     41     70     24      0      0      0      0   2619   1590  12327  12328      0 
 20260905    03:58:21       0    232     34     41     65     23      0      0      0      0   2619   1980  13095  13096      0 
 20260905    03:58:21       1    249     30     41     71     23      0      0      0      0   2619   1590  12327  12328      0 
 20260905    03:58:26       0    252     36     42     64     23      0      0      0      0   2619   1980  13095  13096      0 
 20260905    03:58:26       1    199     29     40     71     24      0      0      0      0   2619   1590  12327  12328      0 
 20260905    03:58:31       0    227     34     40     64     23      0      0      0      0   2619   1980  13095  13096      0 
 20260905    03:58:31       1    200     30     42     75     26      0      0      0      0   2619   1590  12327  12328      0 
 20260905    03:58:36       0    234     34     40     65     23      0      0      0      0   2619   1980  13095  13096      0 
 20260905    03:58:36       1    207     30     40     76     27      0      0      0      0   2619   1590  12327  12328      0 
 20260905    03:58:41       0    239     34     41     66     24      0      0      0      0   2619   1980  13095  13096      0 
 20260905    03:58:41       1    200     30     40     72     25      0      0      0      0   2619   1590  12327  12328      0 
 20260905    03:58:46       0    253     34     40     67     25      0      0      0      0   2619   1980  13095  13096      0 
 20260905    03:58:46       1    201     30     40     74     26      0      0      0      0   2619   1590  12327  12328      0 
 20260905    03:58:51       0    231     34     40     65     23      0      0      0      0   2619   1980  13095  13096      0 
 20260905    03:58:51       1    205     30     41     73     26      0      0      0      0   2619   1590  12327  12328      0 
 20260905    03:58:56       0    233     34     40     65     23      0      0      0      0   2619   1980  13095  13096      0 
 20260905    03:58:56       1    197     30     40     73     24      0      0      0      0   2619   1590  12327  12328      0 
 20260905    03:59:01       0    247     34     40     67     25      0      0      0      0   2619   1980  13095  13096      0 
 20260905    03:59:01       1    199     30     40     72     25      0      0      0      0   2619   1590  12327  12328      0 
 20260905    03:59:06       0    227     34     42     63     22      0      0      0      0   2619   1980  13095  13096      0 
 20260905    03:59:06       1    247     32     43    100     57      0      0      0      0   2619   1590  12327  12328      0 
 20260905    03:59:11       0    231     34     41     65     24      0      0      0      0   2619   1980  13095  13096      0 
 20260905    03:59:11       1    196     29     40     72     25      0      0      0      0   2619   1590  12327  12328      0 
 20260905    03:59:16       0    240     34     40     66     25      0      0      0      0   2619   1980  13095  13096      0 
 20260905    03:59:16       1    202     30     41     74     26      0      0      0      0   2619   1590  12327  12328      0 
 20260905    03:59:21       0    223     34     40     65     23      0      0      0      0   2619   1980  13095  13096      0 
 20260905    03:59:21       1    198     29     40     72     25      0      0      0      0   2619   1590  12327  12328      0 
 20260905    03:59:26       0    227     34     41     64     23      0      0      0      0   2619   1980  13095  13096      0 
 20260905    03:59:26       1    202     30     40     72     25      0      0      0      0   2619   1590  12327  12328      0 
 20260905    03:59:31       0    309     38     44    100     61      0      0      0      0   2619   1980  13095  13096      0 
 20260905    03:59:31       1    202     30     40     73     25      0      0      0      0   2619   1590  12327  12328      0 
 20260905    03:59:36       0    227     34     40     64     23      0      0      0      0   2619   1980  13095  13096      0 
 20260905    03:59:36       1    246     30     41     72     24      0      0      0      0   2619   1590  12327  12328      0 
#Date        Time         gpu    pwr  gtemp  mtemp     sm    mem    enc    dec    jpg    ofa   mclk   pclk     fb   bar1   ccpm 
#YYYYMMDD    HH:MM:SS     Idx      W      C      C      %      %      %      %      %      %    MHz    MHz     MB     MB     MB 
 20260905    03:59:41       0    235     34     41     67     24      0      0      0      0   2619   1980  13095  13096      0 
 20260905    03:59:41       1    194     29     42     71     24      0      0      0      0   2619   1590  12327  12328      0 
 20260905    03:59:46       0    240     34     40     68     25      0      0      0      0   2619   1980  13095  13096      0 
 20260905    03:59:46       1    199     29     40     72     25      0      0      0      0   2619   1590  12327  12328      0 
 20260905    03:59:51       0    230     34     40     65     23      0      0      0      0   2619   1980  13095  13096      0 
 20260905    03:59:51       1    196     29     40     70     24      0      0      0      0   2619   1590  12327  12328      0 
 20260905    03:59:56       0    232     34     40     64     23      0      0      0      0   2619   1980  13095  13096      0 
 20260905    03:59:56       1    202     30     41     75     26      0      0      0      0   2619   1590  12327  12328      0 
 20260905    04:00:01       0    305     34     41     64     22      0      0      0      0   2619   1980  13095  13096      0 
 20260905    04:00:01       1    200     30     41     72     25      0      0      0      0   2619   1590  12327  12328      0 
 20260905    04:00:06       0    223     34     40     62     22      0      0      0      0   2619   1980  13095  13096      0 
 20260905    04:00:06       1    194     29     40     72     24      0      0      0      0   2619   1590  12327  12328      0 
 20260905    04:00:11       0    232     34     41     66     24      0      0      0      0   2619   1980  13095  13096      0 
 20260905    04:00:11       1    192     29     40     72     25      0      0      0      0   2619   1590  12327  12328      0 
 20260905    04:00:16       0    232     34     42     65     23      0      0      0      0   2619   1980  13095  13096      0 
 20260905    04:00:16       1    205     30     40     72     25      0      0      0      0   2619   1590  12327  12328      0 
 20260905    04:00:21       0    237     34     41     66     24      0      0      0      0   2619   1980  13095  13096      0 
 20260905    04:00:21       1    195     29     40     70     23      0      0      0      0   2619   1590  12327  12328      0 
 20260905    04:00:26       0    235     34     40     66     24      0      0      0      0   2619   1980  13095  13096      0 
 20260905    04:00:26       1    202     29     40     71     24      0      0      0      0   2619   1590  12327  12328      0 
 20260905    04:00:31       0    237     34     40     66     24      0      0      0      0   2619   1980  13095  13096      0 
 20260905    04:00:31       1    200     30     41     72     25      0      0      0      0   2619   1590  12327  12328      0 
 20260905    04:00:36       0    241     34     41     67     25      0      0      0      0   2619   1980  13095  13096      0 
 20260905    04:00:36       1    198     30     40     72     25      0      0      0      0   2619   1590  12327  12328      0 
 20260905    04:00:41       0    229     34     41     62     22      0      0      0      0   2619   1980  13095  13096      0 
 20260905    04:00:41       1    197     29     40     71     24      0      0      0      0   2619   1590  12327  12328      0 
 20260905    04:00:46       0    232     34     40     64     23      0      0      0      0   2619   1980  13095  13096      0 
 20260905    04:00:46       1    201     29     40     72     25      0      0      0      0   2619   1590  12327  12328      0 
 20260905    04:00:51       0    293     34     42     64     22      0      0      0      0   2619   1980  13095  13096      0 
 20260905    04:00:51       1    193     29     40     69     23      0      0      0      0   2619   1590  12327  12328      0 
 20260905    04:00:56       0    226     34     42     65     23      0      0      0      0   2619   1980  13095  13096      0 
 20260905    04:00:56       1    199     29     40     70     24      0      0      0      0   2619   1590  12327  12328      0 
 20260905    04:01:01       0    227     34     41     66     24      0      0      0      0   2619   1980  13095  13096      0 
 20260905    04:01:01       1    201     30     40     73     25      0      0      0      0   2619   1590  12327  12328      0 
 20260905    04:01:06       0    235     34     42     67     25      0      0      0      0   2619   1980  13095  13096      0 
 20260905    04:01:06       1    196     29     40     70     24      0      0      0      0   2619   1590  12327  12328      0 
 20260905    04:01:11       0    230     34     42     65     23      0      0      0      0   2619   1980  13095  13096      0 
 20260905    04:01:11       1    198     29     42     70     24      0      0      0      0   2619   1590  12327  12328      0 
 20260905    04:01:16       0    233     34     42     65     24      0      0      0      0   2619   1980  13095  13096      0 
 20260905    04:01:16       1    197     30     40     71     24      0      0      0      0   2619   1590  12327  12328      0 
 20260905    04:01:21       0    237     34     41     66     24      0      0      0      0   2619   1980  13095  13096      0 
 20260905    04:01:21       1    197     29     40     73     25      0      0      0      0   2619   1590  12327  12328      0 
 20260905    04:01:26       0    232     34     42     65     23      0      0      0      0   2619   1980  13095  13096      0 
 20260905    04:01:26       1    206     30     42     75     26      0      0      0      0   2619   1590  12327  12328      0 
#Date        Time         gpu    pwr  gtemp  mtemp     sm    mem    enc    dec    jpg    ofa   mclk   pclk     fb   bar1   ccpm 
#YYYYMMDD    HH:MM:SS     Idx      W      C      C      %      %      %      %      %      %    MHz    MHz     MB     MB     MB 
 20260905    04:01:31       0    233     34     40     65     24      0      0      0      0   2619   1980  13095  13096      0 
 20260905    04:01:31       1    211     30     41     73     26      0      0      0      0   2619   1590  12327  12328      0 
 20260905    04:01:36       0    235     34     41     67     25      0      0      0      0   2619   1980  13095  13096      0 
 20260905    04:01:36       1    197     30     40     73     25      0      0      0      0   2619   1590  12327  12328      0 
 20260905    04:01:41       0    231     34     41     65     23      0      0      0      0   2619   1980  13095  13096      0 
 20260905    04:01:41       1    204     30     40     73     25      0      0      0      0   2619   1590  12327  12328      0 
 20260905    04:01:46       0    231     34     40     66     24      0      0      0      0   2619   1980  13095  13096      0 
 20260905    04:01:46       1    195     29     40     72     24      0      0      0      0   2619   1590  12327  12328      0 
 20260905    04:01:51       0    237     34     42     67     25      0      0      0      0   2619   1980  13095  13096      0 
 20260905    04:01:51       1    200     29     40     73     25      0      0      0      0   2619   1590  12327  12328      0 
 20260905    04:01:56       0    238     34     40     67     25      0      0      0      0   2619   1980  13095  13096      0 
 20260905    04:01:56       1    206     30     41     74     26      0      0      0      0   2619   1590  12327  12328      0 
 20260905    04:02:01       0    236     34     40     67     25      0      0      0      0   2619   1980  13095  13096      0 
 20260905    04:02:01       1    193     29     40     69     23      0      0      0      0   2619   1590  12327  12328      0 
 20260905    04:02:06       0    227     34     40     62     22      0      0      0      0   2619   1980  13095  13096      0 
 20260905    04:02:06       1    200     29     40     71     24      0      0      0      0   2619   1590  12327  12328      0 
 20260905    04:02:11       0    229     34     40     63     23      0      0      0      0   2619   1980  13095  13096      0 
 20260905    04:02:11       1    205     30     41     74     26      0      0      0      0   2619   1590  12327  12328      0 
 20260905    04:02:16       0    241     34     40     61     21      0      0      0      0   2619   1980  13095  13096      0 
 20260905    04:02:16       1    196     29     40     71     24      0      0      0      0   2619   1590  12327  12328      0 
 20260905    04:02:21       0    222     33     42     62     22      0      0      0      0   2619   1980  13095  13096      0 
 20260905    04:02:21       1    203     30     41     73     25      0      0      0      0   2619   1590  12327  12328      0 
 20260905    04:02:26       0    232     34     40     64     23      0      0      0      0   2619   1980  13095  13096      0 
 20260905    04:02:26       1    209     30     40     74     26      0      0      0      0   2619   1590  12327  12328      0 
 20260905    04:02:31       0    223     34     40     63     22      0      0      0      0   2619   1980  13095  13096      0 
 20260905    04:02:31       1    197     29     40     72     24      0      0      0      0   2619   1590  12327  12328      0 
 20260905    04:02:36       0    225     34     40     62     22      0      0      0      0   2619   1980  13095  13096      0 
 20260905    04:02:36       1    201     30     41     73     25      0      0      0      0   2619   1590  12327  12328      0 
 20260905    04:02:42       0    278     34     40     61     21      0      0      0      0   2619   1980  13095  13096      0 
 20260905    04:02:42       1    202     29     38     53     18      0      0      0      0   2619   1590  12327  12328      0 
 20260905    04:02:47       0    233     34     42     64     23      0      0      0      0   2619   1980  13095  13096      0 
 20260905    04:02:47       1    196     29     41     71     24      0      0      0      0   2619   1590  12327  12328      0 
 20260905    04:02:52       0    231     34     41     64     23      0      0      0      0   2619   1980  13095  13096      0 
 20260905    04:02:52       1    201     29     40     73     25      0      0      0      0   2619   1590  12327  12328      0 
 20260905    04:02:57       0    222     35     41     63     22      0      0      0      0   2619   1980  13095  13096      0 
 20260905    04:02:57       1    202     30     40     73     25      0      0      0      0   2619   1590  12327  12328      0 
 20260905    04:03:02       0    232     35     42     65     23      0      0      0      0   2619   1980  13095  13096      0 
 20260905    04:03:02       1    197     29     40     72     25      0      0      0      0   2619   1590  12327  12328      0 
 20260905    04:03:07       0    233     36     44     65     24      0      0      0      0   2619   1980  13095  13096      0 
 20260905    04:03:07       1    202     29     40     72     25      0      0      0      0   2619   1590  12327  12328      0 
 20260905    04:03:12       0    314     37     44     69     24      0      0      0      0   2619   1980  13095  13096      0 
 20260905    04:03:12       1    192     29     40     68     23      0      0      0      0   2619   1590  12327  12328      0 
 20260905    04:03:17       0    226     37     43     62     22      0      0      0      0   2619   1980  13095  13096      0 
 20260905    04:03:17       1    194     29     39     68     23      0      0      0      0   2619   1590  12327  12328      0 
#Date        Time         gpu    pwr  gtemp  mtemp     sm    mem    enc    dec    jpg    ofa   mclk   pclk     fb   bar1   ccpm 
#YYYYMMDD    HH:MM:SS     Idx      W      C      C      %      %      %      %      %      %    MHz    MHz     MB     MB     MB 
 20260905    04:03:22       0    230     37     44     65     23      0      0      0      0   2619   1980  13095  13096      0 
 20260905    04:03:22       1    201     29     41     74     26      0      0      0      0   2619   1590  12327  12328      0 
 20260905    04:03:27       0    273     37     44     62     22      0      0      0      0   2619   1980  13095  13096      0 
 20260905    04:03:27       1    205     30     42     69     24      0      0      0      0   2619   1590  12327  12328      0 
 20260905    04:03:32       0    231     37     44     64     23      0      0      0      0   2619   1980  13095  13096      0 
 20260905    04:03:32       1    195     29     40     71     24      0      0      0      0   2619   1590  12327  12328      0 
 20260905    04:03:37       0    234     38     46     64     23      0      0      0      0   2619   1980  13095  13096      0 
 20260905    04:03:37       1    200     29     40     73     25      0      0      0      0   2619   1590  12327  12328      0 
 20260905    04:03:42       0    242     38     44     64     24      0      0      0      0   2619   1980  13095  13096      0 
 20260905    04:03:42       1    196     29     40     72     24      0      0      0      0   2619   1590  12327  12328      0 
 20260905    04:03:47       0    227     38     44     61     22      0      0      0      0   2619   1980  13095  13096      0 
 20260905    04:03:47       1    200     29     40     72     25      0      0      0      0   2619   1590  12327  12328      0 
 20260905    04:03:52       0    234     39     44     63     23      0      0      0      0   2619   1980  13095  13096      0 
 20260905    04:03:52       1    202     29     40     73     25      0      0      0      0   2619   1590  12327  12328      0 
 20260905    04:03:57       0    241     39     44     64     23      0      0      0      0   2619   1980  13095  13096      0 
 20260905    04:03:57       1    205     29     39     66     23      0      0      0      0   2619   1590  12327  12328      0 
 20260905    04:04:02       0    296     39     45     61     21      0      0      0      0   2619   1980  13095  13096      0 
 20260905    04:04:02       1    199     29     40     72     25      0      0      0      0   2619   1590  12327  12328      0 
 20260905    04:04:07       0    228     38     44     61     22      0      0      0      0   2619   1980  13095  13096      0 
 20260905    04:04:07       1    205     30     40     74     26      0      0      0      0   2619   1590  12327  12328      0 
 20260905    04:04:12       0    235     38     44     63     23      0      0      0      0   2619   1980  13095  13096      0 
 20260905    04:04:12       1    195     30     41     71     24      0      0      0      0   2619   1590  12327  12328      0 
 20260905    04:04:17       0    221     37     42     60     21      0      0      0      0   2619   1980  13095  13096      0 
 20260905    04:04:17       1    199     29     40     71     24      0      0      0      0   2619   1590  12327  12328      0 
 20260905    04:04:22       0    233     37     44     64     23      0      0      0      0   2619   1980  13095  13096      0 
 20260905    04:04:22       1    206     30     40     73     25      0      0      0      0   2619   1590  12327  12328      0 
 20260905    04:04:27       0    238     36     43     65     24      0      0      0      0   2619   1980  13095  13096      0 
 20260905    04:04:27       1    195     30     40     69     23      0      0      0      0   2619   1590  12327  12328      0 
 20260905    04:04:32       0    246     36     42     67     25      0      0      0      0   2619   1980  13095  13096      0 
 20260905    04:04:32       1    201     30     40     73     25      0      0      0      0   2619   1590  12327  12328      0 
 20260905    04:04:37       0    250     36     44     66     25      0      0      0      0   2619   1980  13095  13096      0 
 20260905    04:04:37       1    201     30     40     73     25      0      0      0      0   2619   1590  12327  12328      0 
 20260905    04:04:42       0    225     35     42     63     22      0      0      0      0   2619   1980  13095  13096      0 
 20260905    04:04:42       1    160     28     36      0      0      0      0      0      0   2619   1590  12327  12328      0 
 20260905    04:04:47       0    226     35     42     62     22      0      0      0      0   2619   1980  13095  13096      0 
 20260905    04:04:47       1     99     27     36      0      0      0      0      0      0   2619   1590      0      1      0 
 20260905    04:04:52       0    232     35     42     64     23      0      0      0      0   2619   1980  13095  13096      0 
 20260905    04:04:52       1     99     26     34      0      0      0      0      0      0   2619   1590      0      1      0 
 20260905    04:04:57       0    232     35     41     64     23      0      0      0      0   2619   1980  13095  13096      0 
 20260905    04:04:57       1     99     26     34      0      0      0      0      0      0   2619   1590      0      1      0 
 20260905    04:05:02       0    230     34     41     63     22      0      0      0      0   2619   1980  13095  13096      0 
 20260905    04:05:02       1     99     26     34      0      0      0      0      0      0   2619   1590      0      1      0 
 20260905    04:05:07       0    222     34     43     62     22      0      0      0      0   2619   1980  13095  13096      0 
 20260905    04:05:07       1     99     26     35      0      0      0      0      0      0   2619   1590      4      4      0 
#Date        Time         gpu    pwr  gtemp  mtemp     sm    mem    enc    dec    jpg    ofa   mclk   pclk     fb   bar1   ccpm 
#YYYYMMDD    HH:MM:SS     Idx      W      C      C      %      %      %      %      %      %    MHz    MHz     MB     MB     MB 
 20260905    04:05:12       0    228     34     41     62     22      0      0      0      0   2619   1980  13095  13096      0 
 20260905    04:05:12       1     99     26     34      0      0      0      0      0      0   2619   1590      4      4      0 
 20260905    04:05:17       0    228     34     42     65     23      0      0      0      0   2619   1980  13095  13096      0 
 20260905    04:05:17       1     99     26     34      0      0      0      0      0      0   2619   1590      4      4      0 
 20260905    04:05:22       0    235     34     41     67     25      0      0      0      0   2619   1980  13095  13096      0 
 20260905    04:05:22       1     98     25     34      0      0      0      0      0      0   2619   1590      4      4      0 
 20260905    04:05:27       0    228     34     41     63     22      0      0      0      0   2619   1980  13095  13096      0 
 20260905    04:05:27       1     98     25     34      0      0      0      0      0      0   2619   1590      4      4      0 
 20260905    04:05:32       0    226     34     42     65     24      0      0      0      0   2619   1980  13095  13096      0 
 20260905    04:05:32       1     99     25     34      0      0      0      0      0      0   2619   1590      4      4      0 
 20260905    04:05:37       0    290     35     42     98     61      0      0      0      0   2619   1980  13095  13096      0 
 20260905    04:05:37       1     98     25     34      0      0      0      0      0      0   2619   1590      4      4      0 
 20260905    04:05:42       0    226     34     42     64     23      0      0      0      0   2619   1980  13095  13096      0 
 20260905    04:05:42       1     98     25     34      0      0      0      0      0      0   2619   1590      4      4      0 
 20260905    04:05:47       0    234     34     40     63     23      0      0      0      0   2619   1980  13095  13096      0 
 20260905    04:05:47       1     98     25     34      0      0      0      0      0      0   2619   1590      4      4      0 
 20260905    04:05:52       0    236     34     42     65     24      0      0      0      0   2619   1980  13095  13096      0 
 20260905    04:05:52       1     98     25     34      0      0      0      0      0      0   2619   1590      4      4      0 
 20260905    04:05:57       0    221     34     41     62     22      0      0      0      0   2619   1980  13095  13096      0 
 20260905    04:05:57       1     98     25     34      0      0      0      0      0      0   2619   1590      4      4      0 
 20260905    04:06:02       0    226     34     40     63     22      0      0      0      0   2619   1980  13095  13096      0 
 20260905    04:06:02       1     98     25     34      0      0      0      0      0      0   2619   1590      4      4      0 
 20260905    04:06:07       0    231     34     41     64     23      0      0      0      0   2619   1980  13095  13096      0 
 20260905    04:06:07       1     96     25     34      0      0      0      0      0      0   2619   1590   8649   8650      0 
 20260905    04:06:12       0    237     34     40     64     24      0      0      0      0   2619   1980  13095  13096      0 
 20260905    04:06:12       1    102     26     36      0      0      0      0      0      0   2619   1590  10481  10482      0 
 20260905    04:06:17       0    241     34     42     66     25      0      0      0      0   2619   1980  13095  13096      0 
 20260905    04:06:17       1    152     26     36     40     13      0      0      0      0   2619   1590  11445  11446      0 
 20260905    04:06:22       0    120     32     36      0      0      0      0      0      0   2619   1980  13095  13096      0 
 20260905    04:06:22       1    151     27     36     33     11      0      0      0      0   2619   1590  11451  11452      0 
 20260905    04:06:27       0     71     29     36      0      0      0      0      0      0   2619    345      0      1      0 
 20260905    04:06:27       1    156     27     36     49     16      0      0      0      0   2619   1590  11457  11458      0 
 20260905    04:06:32       0     71     29     36      0      0      0      0      0      0   2619    345      0      1      0 
 20260905    04:06:32       1    160     27     37     46     16      0      0      0      0   2619   1590  11463  11464      0 
 20260905    04:06:37       0     71     28     35      0      0      0      0      0      0   2619    345      0      1      0 
 20260905    04:06:37       1    193     28     38     69     23      0      0      0      0   2619   1590  11827  11828      0 
 20260905    04:06:42       0     71     28     35      0      0      0      0      0      0   2619    345      0      1      0 
 20260905    04:06:42       1    201     29     40     72     24      0      0      0      0   2619   1590  11827  11828      0 
 20260905    04:06:47       0     71     28     34      0      0      0      0      0      0   2619    345      0      1      0 
 20260905    04:06:47       1    194     29     39     71     24      0      0      0      0   2619   1590  11829  11830      0 
 20260905    04:06:52       0     71     28     34      0      0      0      0      0      0   2619    345      4      4      0 
 20260905    04:06:52       1    197     29     41     70     24      0      0      0      0   2619   1590  11829  11830      0 
 20260905    04:06:57       0     71     27     34      0      0      0      0      0      0   2619    345      4      4      0 
 20260905    04:06:57       1    204     29     40     73     26      0      0      0      0   2619   1590  11829  11830      0 
#Date        Time         gpu    pwr  gtemp  mtemp     sm    mem    enc    dec    jpg    ofa   mclk   pclk     fb   bar1   ccpm 
#YYYYMMDD    HH:MM:SS     Idx      W      C      C      %      %      %      %      %      %    MHz    MHz     MB     MB     MB 
 20260905    04:07:02       0     71     27     34      0      0      0      0      0      0   2619    345      4      4      0 
 20260905    04:07:02       1    160     28     38     45     15      0      0      0      0   2619   1590  11831  11832      0 
 20260905    04:07:07       0     70     27     34      0      0      0      0      0      0   2619    345      4      4      0 
 20260905    04:07:07       1    163     28     39     38     13      0      0      0      0   2619   1590  11839  11840      0 
 20260905    04:07:12       0     71     27     34      0      0      0      0      0      0   2619    345      4      4      0 
 20260905    04:07:12       1    195     29     39     72     24      0      0      0      0   2619   1590  11843  11844      0 
 20260905    04:07:17       0     71     27     34      0      0      0      0      0      0   2619    345      4      4      0 
 20260905    04:07:17       1    201     29     38     74     25      0      0      0      0   2619   1590  11843  11844      0 
 20260905    04:07:22       0     70     27     34      0      0      0      0      0      0   2619    345      4      4      0 
 20260905    04:07:22       1    206     29     39     74     26      0      0      0      0   2619   1590  11843  11844      0 
 20260905    04:07:27       0     70     27     34      0      0      0      0      0      0   2619    345      4      4      0 
 20260905    04:07:27       1    199     29     39     72     24      0      0      0      0   2619   1590  11843  11844      0 
 20260905    04:07:32       0     71     27     34      0      0      0      0      0      0   2619    345      4      4      0 
 20260905    04:07:32       1    200     29     40     71     24      0      0      0      0   2619   1590  11843  11844      0 
 20260905    04:07:37       0     70     27     33      0      0      0      0      0      0   2619    345      4      4      0 
 20260905    04:07:37       1    209     29     40     75     26      0      0      0      0   2619   1590  11843  11844      0 
 20260905    04:07:42       0     75     27     34      0      0      0      0      0      0   2619   1980    529    530      0 
 20260905    04:07:42       1    196     29     40     72     24      0      0      0      0   2619   1590  12083  12084      0 
 20260905    04:07:47       0    118     28     34      0      0      0      0      0      0   2619   1980   8649   8650      0 
 20260905    04:07:47       1    203     29     41     73     25      0      0      0      0   2619   1590  12083  12084      0 
 20260905    04:07:53       0    118     29     34      1      0      0      0      0      0   2619   1980  10473  10474      0 
 20260905    04:07:53       1    202     29     40     72     25      0      0      0      0   2619   1590  12083  12084      0 
 20260905    04:07:58       0    184     31     37     35     12      0      0      0      0   2619   1980  11445  11446      0 
 20260905    04:07:58       1    198     29     40     71     24      0      0      0      0   2619   1590  12083  12084      0 
 20260905    04:08:03       0    186     31     37     34     12      0      0      0      0   2619   1980  11451  11452      0 
 20260905    04:08:03       1    206     29     40     74     25      0      0      0      0   2619   1590  12083  12084      0 
 20260905    04:08:08       0    184     31     37     38     13      0      0      0      0   2619   1980  11457  11458      0 
 20260905    04:08:08       1    202     29     40     74     26      0      0      0      0   2619   1590  12327  12328      0 
 20260905    04:08:13       0    188     31     38     35     13      0      0      0      0   2619   1980  11463  11464      0 
 20260905    04:08:13       1    191     29     41     71     24      0      0      0      0   2619   1590  12327  12328      0 
 20260905    04:08:18       0    230     32     40     65     23      0      0      0      0   2619   1980  11825  11826      0 
 20260905    04:08:18       1    192     29     40     66     23      0      0      0      0   2619   1590  12327  12328      0 
 20260905    04:08:23       0    228     33     39     64     23      0      0      0      0   2619   1980  11825  11826      0 
 20260905    04:08:23       1    112     27     36      0      0      0      0      0      0   2619   1590  12327  12328      0 
 20260905    04:08:28       0    224     33     40     62     22      0      0      0      0   2619   1980  11825  11826      0 
 20260905    04:08:28       1     99     27     34      0      0      0      0      0      0   2619   1590      0      1      0 
 20260905    04:08:33       0    224     33     41     66     24      0      0      0      0   2619   1980  11825  11826      0 
 20260905    04:08:33       1     99     26     34      0      0      0      0      0      0   2619   1590      0      1      0 
 20260905    04:08:38       0    227     33     39     62     23      0      0      0      0   2619   1980  11825  11826      0 
 20260905    04:08:38       1     99     26     34      0      0      0      0      0      0   2619   1590      0      1      0 
 20260905    04:08:43       0    222     33     40     64     23      0      0      0      0   2619   1980  11829  11830      0 
 20260905    04:08:43       1     99     26     34      0      0      0      0      0      0   2619   1590      0      1      0 
 20260905    04:08:48       0    232     33     40     66     24      0      0      0      0   2619   1980  11829  11830      0 
 20260905    04:08:48       1     99     26     34      0      0      0      0      0      0   2619   1590      0      1      0 
#Date        Time         gpu    pwr  gtemp  mtemp     sm    mem    enc    dec    jpg    ofa   mclk   pclk     fb   bar1   ccpm 
#YYYYMMDD    HH:MM:SS     Idx      W      C      C      %      %      %      %      %      %    MHz    MHz     MB     MB     MB 
 20260905    04:08:53       0    230     33     40     66     24      0      0      0      0   2619   1980  11829  11830      0 
 20260905    04:08:53       1     99     26     34      0      0      0      0      0      0   2619   1590      4      4      0 
 20260905    04:08:58       0    228     33     40     64     23      0      0      0      0   2619   1980  11829  11830      0 
 20260905    04:08:58       1     99     25     34      0      0      0      0      0      0   2619   1590      4      4      0 
 20260905    04:09:03       0    229     33     41     64     23      0      0      0      0   2619   1980  11829  11830      0 
 20260905    04:09:03       1     99     25     34      0      0      0      0      0      0   2619   1590      4      4      0 
 20260905    04:09:08       0    203     33     40     43     15      0      0      0      0   2619   1980  11829  11830      0 
 20260905    04:09:08       1     99     25     34      0      0      0      0      0      0   2619   1590      4      4      0 
 20260905    04:09:13       0    191     32     38     41     15      0      0      0      0   2619   1980  11835  11836      0 
 20260905    04:09:13       1     99     25     34      0      0      0      0      0      0   2619   1590      4      4      0 
 20260905    04:09:18       0    231     33     40     68     24      0      0      0      0   2619   1980  12077  12078      0 
 20260905    04:09:18       1     99     25     34      0      0      0      0      0      0   2619   1590      4      4      0 
 20260905    04:09:23       0    238     34     40     69     25      0      0      0      0   2619   1980  12077  12078      0 
 20260905    04:09:23       1     99     25     34      0      0      0      0      0      0   2619   1590      4      4      0 
 20260905    04:09:28       0    253     34     40     68     24      0      0      0      0   2619   1980  12077  12078      0 
 20260905    04:09:28       1     99     25     34      0      0      0      0      0      0   2619   1590      4      4      0 
 20260905    04:09:33       0    233     34     41     68     24      0      0      0      0   2619   1980  12077  12078      0 
 20260905    04:09:33       1     99     25     34      0      0      0      0      0      0   2619   1590      4      4      0 
 20260905    04:09:38       0    244     34     43     69     25      0      0      0      0   2619   1980  12077  12078      0 
 20260905    04:09:38       1     99     25     34      0      0      0      0      0      0   2619   1590      4      4      0 
 20260905    04:09:43       0    210     33     39     50     18      0      0      0      0   2619   1980  12077  12078      0 
 20260905    04:09:43       1     99     25     34      0      0      0      0      0      0   2619   1590      4      4      0 
 20260905    04:09:48       0    231     34     42     68     24      0      0      0      0   2619   1980  12325  12326      0 
 20260905    04:09:48       1     97     25     34      6      0      0      0      0      0   2619   1590   8553   8554      0 
 20260905    04:09:53       0    160     32     38     24      8      0      0      0      0   2619   1980  12325  12326      0 
 20260905    04:09:53       1     96     25     34      0      0      0      0      0      0   2619   1590   8719   8720      0 
 20260905    04:09:58       0    248     34     41     72     26      0      0      0      0   2619   1980  12325  12326      0 
 20260905    04:09:58       1    165     26     36     47     15      0      0      0      0   2619   1590  11441  11442      0 
 20260905    04:10:03       0    213     32     38     50     18      0      0      0      0   2619   1980  12325  12326      0 
 20260905    04:10:03       1    158     27     38     51     17      0      0      0      0   2619   1590  11447  11448      0 
 20260905    04:10:08       0     71     29     36      0      0      0      0      0      0   2619    345      0      1      0 
 20260905    04:10:08       1    155     27     36     48     16      0      0      0      0   2619   1590  11453  11454      0 
 20260905    04:10:13       0     71     29     34      0      0      0      0      0      0   2619    345      0      1      0 
 20260905    04:10:13       1    155     27     37     33     11      0      0      0      0   2619   1590  11459  11460      0 
 20260905    04:10:18       0     71     28     34      0      0      0      0      0      0   2619    345      0      1      0 
 20260905    04:10:18       1    161     27     36     53     18      0      0      0      0   2619   1590  11465  11466      0 
 20260905    04:10:23       0     71     28     34      0      0      0      0      0      0   2619    345      0      1      0 
 20260905    04:10:23       1    190     28     38     67     23      0      0      0      0   2619   1590  11827  11828      0 
 20260905    04:10:28       0     71     28     34      0      0      0      0      0      0   2619    345      0      1      0 
 20260905    04:10:28       1    197     29     39     71     24      0      0      0      0   2619   1590  11827  11828      0 
 20260905    04:10:33       0     71     27     34      0      0      0      0      0      0   2619    345      4      4      0 
 20260905    04:10:33       1    179     29     40     68     23      0      0      0      0   2619   1590  11829  11830      0 
 20260905    04:10:38       0     71     27     34      0      0      0      0      0      0   2619    345      4      4      0 
 20260905    04:10:38       1    198     29     39     72     24      0      0      0      0   2619   1590  11829  11830      0 
#Date        Time         gpu    pwr  gtemp  mtemp     sm    mem    enc    dec    jpg    ofa   mclk   pclk     fb   bar1   ccpm 
#YYYYMMDD    HH:MM:SS     Idx      W      C      C      %      %      %      %      %      %    MHz    MHz     MB     MB     MB 
 20260905    04:10:43       0     71     27     34      0      0      0      0      0      0   2619    345      4      4      0 
 20260905    04:10:43       1    201     29     40     72     25      0      0      0      0   2619   1590  11829  11830      0 
 20260905    04:10:48       0     71     28     34      0      0      0      0      0      0   2619    345      4      4      0 
 20260905    04:10:48       1    157     28     36     34     12      0      0      0      0   2619   1590  11831  11832      0 
 20260905    04:10:53       0     71     28     35      0      0      0      0      0      0   2619    345      4      4      0 
 20260905    04:10:53       1    165     28     38     50     17      0      0      0      0   2619   1590  11839  11840      0 
 20260905    04:10:58       0     71     29     34      0      0      0      0      0      0   2619    345      4      4      0 
 20260905    04:10:58       1    198     29     38     72     24      0      0      0      0   2619   1590  11843  11844      0 
 20260905    04:11:03       0     71     29     34      0      0      0      0      0      0   2619    345      4      4      0 
 20260905    04:11:03       1    201     29     40     70     24      0      0      0      0   2619   1590  11843  11844      0 
 20260905    04:11:08       0     71     30     36      0      0      0      0      0      0   2619    345      4      4      0 
 20260905    04:11:08       1    199     29     39     74     25      0      0      0      0   2619   1590  11843  11844      0 
 20260905    04:11:13       0     71     30     36      0      0      0      0      0      0   2619    345      4      4      0 
 20260905    04:11:13       1    189     29     40     55     19      0      0      0      0   2619   1590  11843  11844      0 
 20260905    04:11:18       0     71     31     37      0      0      0      0      0      0   2619    345      4      4      0 
 20260905    04:11:18       1    206     29     39     73     25      0      0      0      0   2619   1590  11843  11844      0 
 20260905    04:11:23       0     71     30     36      0      0      0      0      0      0   2619    345      4      4      0 
 20260905    04:11:23       1    256     30     40     72     24      0      0      0      0   2619   1590  12083  12084      0 
 20260905    04:11:28       0    119     32     37      0      0      0      0      0      0   2619   1980   8649   8650      0 
 20260905    04:11:28       1    202     29     40     74     25      0      0      0      0   2619   1590  12083  12084      0 
 20260905    04:11:33       0    120     32     37      0      0      0      0      0      0   2619   1980   9165   9166      0 
 20260905    04:11:33       1    197     29     41     73     25      0      0      0      0   2619   1590  12083  12084      0 
 20260905    04:11:38       0    184     34     40     40     14      0      0      0      0   2619   1980  11445  11446      0 
 20260905    04:11:38       1    203     29     40     74     25      0      0      0      0   2619   1590  12083  12084      0 
 20260905    04:11:43       0    191     35     42     48     17      0      0      0      0   2619   1980  11451  11452      0 
 20260905    04:11:43       1    202     29     41     74     26      0      0      0      0   2619   1590  12083  12084      0 
 20260905    04:11:48       0    186     35     40     43     15      0      0      0      0   2619   1980  11457  11458      0 
 20260905    04:11:48       1    208     29     40     76     26      0      0      0      0   2619   1590  12083  12084      0 
 20260905    04:11:53       0    190     36     41     43     15      0      0      0      0   2619   1980  11463  11464      0 
 20260905    04:11:53       1    183     29     39     33     11      0      0      0      0   2619   1590  12327  12328      0 
 20260905    04:11:58       0    228     37     43     64     23      0      0      0      0   2619   1980  11825  11826      0 
 20260905    04:11:58       1    203     29     40     75     26      0      0      0      0   2619   1590  12327  12328      0 
 20260905    04:12:03       0    245     38     44     70     26      0      0      0      0   2619   1980  11825  11826      0 
 20260905    04:12:03       1    207     30     40     76     27      0      0      0      0   2619   1590  12327  12328      0 
 20260905    04:12:08       0    293     38     44     68     24      0      0      0      0   2619   1980  11825  11826      0 
 20260905    04:12:08       1     99     27     36      0      0      0      0      0      0   2619   1590      0      1      0 
 20260905    04:12:13       0    237     38     45     70     25      0      0      0      0   2619   1980  11825  11826      0 
 20260905    04:12:13       1     99     27     34      0      0      0      0      0      0   2619   1590      0      1      0 
 20260905    04:12:18       0    248     38     46     66     24      0      0      0      0   2619   1980  11825  11826      0 
 20260905    04:12:18       1     99     26     34      0      0      0      0      0      0   2619   1590      0      1      0 
 20260905    04:12:23       0    237     38     45     68     24      0      0      0      0   2619   1980  11831  11832      0 
 20260905    04:12:23       1     99     26     34      0      0      0      0      0      0   2619   1590      0      1      0 
 20260905    04:12:28       0    227     38     44     62     22      0      0      0      0   2619   1980  11831  11832      0 
 20260905    04:12:28       1     99     26     34      0      0      0      0      0      0   2619   1590      0      1      0 
#Date        Time         gpu    pwr  gtemp  mtemp     sm    mem    enc    dec    jpg    ofa   mclk   pclk     fb   bar1   ccpm 
#YYYYMMDD    HH:MM:SS     Idx      W      C      C      %      %      %      %      %      %    MHz    MHz     MB     MB     MB 
 20260905    04:12:33       0    238     39     45     67     24      0      0      0      0   2619   1980  11831  11832      0 
 20260905    04:12:33       1     99     26     34      0      0      0      0      0      0   2619   1590      4      4      0 
 20260905    04:12:38       0    227     39     44     57     20      0      0      0      0   2619   1980  11831  11832      0 
 20260905    04:12:38       1     99     26     34      0      0      0      0      0      0   2619   1590      4      4      0 
 20260905    04:12:43       0    236     39     46     68     25      0      0      0      0   2619   1980  11831  11832      0 
 20260905    04:12:43       1     99     25     34      0      0      0      0      0      0   2619   1590      4      4      0 
 20260905    04:12:48       0    242     39     45     69     25      0      0      0      0   2619   1980  11831  11832      0 
 20260905    04:12:48       1     99     25     34      0      0      0      0      0      0   2619   1590      4      4      0 
 20260905    04:12:53       0    241     39     46     70     25      0      0      0      0   2619   1980  12071  12072      0 
 20260905    04:12:53       1     99     25     34      0      0      0      0      0      0   2619   1590      4      4      0 
 20260905    04:12:58       0    244     39     47     63     23      0      0      0      0   2619   1980  12071  12072      0 
 20260905    04:12:58       1     99     25     34      0      0      0      0      0      0   2619   1590      4      4      0 
 20260905    04:13:03       0    246     39     45     72     27      0      0      0      0   2619   1980  12071  12072      0 
 20260905    04:13:03       1     99     25     34      0      0      0      0      0      0   2619   1590      4      4      0 
 20260905    04:13:08       0    244     39     45     59     21      0      0      0      0   2619   1980  12073  12074      0 
 20260905    04:13:08       1     99     25     34      0      0      0      0      0      0   2619   1590      4      4      0 
 20260905    04:13:13       0    234     39     46     64     23      0      0      0      0   2619   1980  12073  12074      0 
 20260905    04:13:13       1     99     25     34      0      0      0      0      0      0   2619   1590      4      4      0 
 20260905    04:13:18       0    243     39     45     49     18      0      0      0      0   2619   1980  12073  12074      0 
 20260905    04:13:18       1     99     25     34      0      0      0      0      0      0   2619   1590      4      4      0 
 20260905    04:13:23       0    308     39     46     66     23      0      0      0      0   2619   1980  12321  12322      0 
 20260905    04:13:23       1     96     25     34      1      0      0      0      0      0   2619   1590   8649   8650      0 
 20260905    04:13:28       0    236     39     45     67     24      0      0      0      0   2619   1980  12321  12322      0 
 20260905    04:13:28       1    172     27     37     45     20      0      0      0      0   2619   1590  11025  11026      0 
 20260905    04:13:33       0    241     39     45     68     25      0      0      0      0   2619   1980  12321  12322      0 
 20260905    04:13:33       1    171     27     36     36     16      0      0      0      0   2619   1590  11035  11036      0 
 20260905    04:13:39       0    243     39     45     62     23      0      0      0      0   2619   1980  12321  12322      0 
 20260905    04:13:39       1    172     28     39     47     22      0      0      0      0   2619   1590  12019  12020      0 
 20260905    04:13:44       0    190     38     44     41     15      0      0      0      0   2619   1980  12327  12328      0 
 20260905    04:13:44       1    175     28     38     48     22      0      0      0      0   2619   1590  13261  13262      0 
 20260905    04:13:49       0    193     38     44     44     16      0      0      0      0   2619   1980  12333  12334      0 
 20260905    04:13:49       1    169     28     38     35     16      0      0      0      0   2619   1590  14755  14756      0 
 20260905    04:13:54       0     87     35     41      0      0      0      0      0      0   2619    495      0      1      0 
 20260905    04:13:54       1    176     28     38     49     23      0      0      0      0   2619   1590  16509  16510      0 
 20260905    04:13:59       0     72     34     40      0      0      0      0      0      0   2619    345      0      1      0 
 20260905    04:13:59       1    251     30     42     79     37      0      0      0      0   2619   1590  17479  17480      0 
 20260905    04:14:04       0     72     33     40      0      0      0      0      0      0   2619    345      0      1      0 
 20260905    04:14:04       1    276     31     42     91     44      0      0      0      0   2619   1590  17479  17480      0 
 20260905    04:14:09       0     72     33     39      0      0      0      0      0      0   2619    345      0      1      0 
 20260905    04:14:09       1    279     32     45     94     46      0      0      0      0   2619   1590  17479  17480      0 
 20260905    04:14:14       0     72     33     38      0      0      0      0      0      0   2619    345      0      1      0 
 20260905    04:14:14       1    263     31     44     89     42      0      0      0      0   2619   1590  17733  17734      0 
 20260905    04:14:19       0     71     33     38      0      0      0      0      0      0   2619    345      0      1      0 
 20260905    04:14:19       1    272     32     44     88     42      0      0      0      0   2619   1590  17733  17734      0 
#Date        Time         gpu    pwr  gtemp  mtemp     sm    mem    enc    dec    jpg    ofa   mclk   pclk     fb   bar1   ccpm 
#YYYYMMDD    HH:MM:SS     Idx      W      C      C      %      %      %      %      %      %    MHz    MHz     MB     MB     MB 
 20260905    04:14:24       0     72     33     38      0      0      0      0      0      0   2619    345      0      1      0 
 20260905    04:14:24       1    278     33     42     60     28      0      0      0      0   2619   1590  17735  17736      0 
 20260905    04:14:29       0     71     33     38      0      0      0      0      0      0   2619    345      0      1      0 
 20260905    04:14:29       1    260     32     45     87     41      0      0      0      0   2619   1590  17735  17736      0 
 20260905    04:14:34       0     72     33     39      0      0      0      0      0      0   2619    345      0      1      0 
 20260905    04:14:34       1    271     32     45     88     42      0      0      0      0   2619   1590  17735  17736      0 
 20260905    04:14:39       0     72     33     38      0      0      0      0      0      0   2619    345      0      1      0 
 20260905    04:14:39       1    262     32     44     83     39      0      0      0      0   2619   1590  17735  17736      0 
 20260905    04:14:44       0     71     32     38      0      0      0      0      0      0   2619    345      0      1      0 
 20260905    04:14:44       1    285     32     44     90     43      0      0      0      0   2619   1590  17735  17736      0 
 20260905    04:14:49       0     71     32     38      0      0      0      0      0      0   2619    345      0      1      0 
 20260905    04:14:49       1    286     33     45     94     46      0      0      0      0   2619   1590  17735  17736      0 
 20260905    04:14:54       0     71     32     38      0      0      0      0      0      0   2619    345      0      1      0 
 20260905    04:14:54       1    264     32     44     89     42      0      0      0      0   2619   1590  17737  17738      0 
 20260905    04:14:59       0     71     32     38      0      0      0      0      0      0   2619    345      0      1      0 
 20260905    04:14:59       1    276     33     46     88     42      0      0      0      0   2619   1590  17737  17738      0 
 20260905    04:15:04       0     71     32     38      0      0      0      0      0      0   2619    345      0      1      0 
 20260905    04:15:04       1    285     33     44     95     47      0      0      0      0   2619   1590  17737  17738      0 
 20260905    04:15:09       0     75     33     38      0      0      0      0      0      0   2619   1980     23     23      0 
 20260905    04:15:09       1    267     33     44     90     43      0      0      0      0   2619   1590  17993  17994      0 
 20260905    04:15:14       0     80     33     38      0      0      0      0      0      0   2619    345      0      1      0 
 20260905    04:15:14       1    280     33     44     92     45      0      0      0      0   2619   1590  17993  17994      0 
 20260905    04:15:19       0     72     33     38      0      0      0      0      0      0   2619    345      0      1      0 
 20260905    04:15:19       1    297     33     45     85     40      0      0      0      0   2619   1590  17993  17994      0 
 20260905    04:15:24       0     71     32     38      0      0      0      0      0      0   2619    345      0      1      0 
 20260905    04:15:24       1    270     33     45     90     43      0      0      0      0   2619   1590  17993  17994      0 
 20260905    04:15:29       0     71     32     38      0      0      0      0      0      0   2619    345      0      1      0 
 20260905    04:15:29       1    284     33     47     94     46      0      0      0      0   2619   1590  17993  17994      0 
 20260905    04:15:34       0     71     32     38      0      0      0      0      0      0   2619    345      0      1      0 
 20260905    04:15:34       1    262     33     45     88     42      0      0      0      0   2619   1590  17993  17994      0 
 20260905    04:15:39       0     71     32     38      0      0      0      0      0      0   2619    345      0      1      0 
 20260905    04:15:39       1    276     33     45     84     40      0      0      0      0   2619   1590  17993  17994      0 
 20260905    04:15:44       0     71     32     38      0      0      0      0      0      0   2619    345      0      1      0 
 20260905    04:15:44       1    290     33     45     96     47      0      0      0      0   2619   1590  17993  17994      0 
 20260905    04:15:49       0     71     32     38      0      0      0      0      0      0   2619    345      0      1      0 
 20260905    04:15:49       1    269     33     45     90     43      0      0      0      0   2619   1590  17993  17994      0 
 20260905    04:15:54       0     72     32     38      0      0      0      0      0      0   2619    345      0      1      0 
 20260905    04:15:54       1    279     33     46     92     45      0      0      0      0   2619   1590  17993  17994      0 
 20260905    04:15:59       0     71     32     38      0      0      0      0      0      0   2619    345      0      1      0 
 20260905    04:15:59       1    296     33     44     87     41      0      0      0      0   2619   1590  17993  17994      0 
 20260905    04:16:04       0     71     32     38      0      0      0      0      0      0   2619    345      0      1      0 
 20260905    04:16:04       1    274     33     46     91     44      0      0      0      0   2619   1590  17993  17994      0 
 20260905    04:16:09       0     71     32     38      0      0      0      0      0      0   2619    345      0      1      0 
 20260905    04:16:09       1    285     33     46     95     46      0      0      0      0   2619   1590  17993  17994      0 
#Date        Time         gpu    pwr  gtemp  mtemp     sm    mem    enc    dec    jpg    ofa   mclk   pclk     fb   bar1   ccpm 
#YYYYMMDD    HH:MM:SS     Idx      W      C      C      %      %      %      %      %      %    MHz    MHz     MB     MB     MB 
 20260905    04:16:14       0     71     32     38      0      0      0      0      0      0   2619    345      0      1      0 
 20260905    04:16:14       1    263     33     45     89     42      0      0      0      0   2619   1590  17993  17994      0 
 20260905    04:16:19       0     71     32     38      0      0      0      0      0      0   2619    345      0      1      0 
 20260905    04:16:19       1    274     33     45     88     42      0      0      0      0   2619   1590  17993  17994      0 
 20260905    04:16:24       0     71     32     38      0      0      0      0      0      0   2619    345      0      1      0 
 20260905    04:16:24       1    289     33     46     96     47      0      0      0      0   2619   1590  17993  17994      0 
 20260905    04:16:29       0     71     32     38      0      0      0      0      0      0   2619    345      0      1      0 
 20260905    04:16:29       1    269     33     45     90     43      0      0      0      0   2619   1590  17993  17994      0 
 20260905    04:16:34       0     71     32     38      0      0      0      0      0      0   2619    345      0      1      0 
 20260905    04:16:34       1    281     33     45     89     43      0      0      0      0   2619   1590  17993  17994      0 
 20260905    04:16:39       0     72     32     38      0      0      0      0      0      0   2619    345      0      1      0 
 20260905    04:16:39       1    287     33     45     87     41      0      0      0      0   2619   1590  17993  17994      0 
 20260905    04:16:44       0     71     32     38      0      0      0      0      0      0   2619    345      0      1      0 
 20260905    04:16:44       1    276     33     46     92     44      0      0      0      0   2619   1590  17993  17994      0 
 20260905    04:16:49       0     71     32     38      0      0      0      0      0      0   2619    345      0      1      0 
 20260905    04:16:49       1    290     33     48     96     47      0      0      0      0   2619   1590  17993  17994      0 
 20260905    04:16:54       0     71     32     38      0      0      0      0      0      0   2619    345      0      1      0 
 20260905    04:16:54       1    262     33     44     89     42      0      0      0      0   2619   1590  17993  17994      0 
 20260905    04:16:59       0     71     32     38      0      0      0      0      0      0   2619    345      0      1      0 
 20260905    04:16:59       1    277     33     46     87     42      0      0      0      0   2619   1590  17993  17994      0 
 20260905    04:17:04       0     71     32     38      0      0      0      0      0      0   2619    345      0      1      0 
 20260905    04:17:04       1    292     33     46     95     47      0      0      0      0   2619   1590  17993  17994      0 
 20260905    04:17:09       0     72     32     38      0      0      0      0      0      0   2619    345      0      1      0 
 20260905    04:17:09       1    269     33     46     91     43      0      0      0      0   2619   1590  17993  17994      0 
 20260905    04:17:14       0     71     32     38      0      0      0      0      0      0   2619    345      0      1      0 
 20260905    04:17:14       1    260     32     42     49     23      0      0      0      0   2619   1590  17993  17994      0 
 20260905    04:17:19       0     71     32     39      0      0      0      0      0      0   2619    345      0      1      0 
 20260905    04:17:19       1    119     30     38      0      0      0      0      0      0   2619   1590  17990  17991      0 
 20260905    04:17:24       0     71     32     38      0      0      0      0      0      0   2619    345      0      1      0 
 20260905    04:17:24       1     99     28     36      0      0      0      0      0      0   2619   1590      0      1      0 
